timestamp,,unit,cc_transactions_count,ip_transactions_count,ip_cr,instore_transactions_count,instore_traffic,instore_cr,instore_area,type
1,E01,10,51.54545455,6.5,0.129960986,459.4545455,1119.5,0.417181227,800,E
1,E02,12,59.5,8.727272727,0.148310767,649,1473.5,0.447349857,1375,E
1,E03,14,45.22727273,6.727272727,0.160744087,579.7727273,1449.454545,0.40524407,1507,E
1,E04,15,110.3181818,23.63636364,0.214293737,1001.772727,2076.272727,0.489578637,2118,E
1,E05,16,25.09090909,5.681818182,0.236906654,396.9090909,863.7727273,0.460673211,1300,E
1,E06,17,78.36363636,11.59090909,0.146643539,801.8181818,1943.636364,0.41434235,1658,E
1,E07,18,42.77272727,6.5,0.14982876,515.3636364,1315.545455,0.395613524,1291,E
1,E08,19,68.86363636,9.954545455,0.145653972,1028.772727,2791.863636,0.375902603,1740,E
1,E09,20,34.95454545,4.454545455,0.135364373,483.5,1139.590909,0.428976123,1194,E
1,E10,21,55.09090909,8.5,0.156790965,460,1132.227273,0.406657897,1194,E
1,E11,22,57.68181818,9.272727273,0.167834709,583.4090909,1408.681818,0.419027397,1580,E
1,E12,23,80.31818182,12.68181818,0.157330391,892.8636364,1924.727273,0.471800317,2096,E
1,E13,24,112.8636364,10.72727273,0.097521299,979.7272727,2324.5,0.422751127,1555,E
1,E14,25,46,8.136363636,0.179768613,529.6363636,1329,0.404669035,1465,E
1,E16,1,73,11.36363636,0.15703098,1200.590909,2609.863636,0.473403746,3903,E
1,E17,7,69.09090909,10.5,0.160159501,1025.454545,2239.318182,0.4658331,1882,E
1,P01,11,100.5909091,16.54545455,0.164703951,1221.272727,2947.136364,0.423255808,2790,P
1,P02,13,108.8636364,10.59090909,0.098669545,1060.727273,2594.045455,0.418946921,1850,P
1,P03,2,82.95454545,12.27272727,0.151773128,1535.227273,3135.636364,0.500963006,5000,P
1,P04,3,104.4090909,22.59090909,0.216623512,1281.454545,2668.954545,0.484297595,1910,P
1,P05,4,113.8181818,19.68181818,0.175634913,1462.772727,3089.954545,0.481795586,3500,P
1,P06,5,78.40909091,16.13636364,0.207996369,1531.090909,3500.409091,0.445685438,3634,P
1,P07,6,86.09090909,18.04545455,0.215017208,1162.136364,2441.363636,0.483970744,1907,P
1,P08,8,113.6363636,22.77272727,0.201985098,1685.590909,3675.909091,0.476166764,5991,P
1,P09,9,157.2272727,34.63636364,0.223899741,1564.045455,3097.409091,0.509701088,4624,P
2,E01,10,42.3,5.5,0.134980657,476.8333333,1090.7,0.44028789,800,E
2,E02,12,49.43333333,8.8,0.17685048,678.7666667,1439.666667,0.48037061,1375,E
2,E03,14,38.16666667,6.7,0.171767234,540.6666667,1259.533333,0.435093203,1507,E
2,E04,15,102.0666667,23.33333333,0.228176442,1110.633333,2226,0.507629048,2118,E
2,E05,16,24.86666667,5.7,0.238375866,394.5,909.5,0.438394343,1300,E
2,E06,17,65.4,9.2,0.140539674,810.0333333,1852.133333,0.443339529,1658,E
2,E07,18,39.26666667,7.166666667,0.181361361,512.4,1247.1,0.413481935,1291,E
2,E08,19,56.96666667,9.466666667,0.169003268,937.0666667,2422.333333,0.395436208,1740,E
2,E09,20,33.66666667,6.6,0.206279457,489.8666667,1077.733333,0.460538145,1194,E
2,E10,21,47.26666667,8.133333333,0.179678831,505.3666667,1181.933333,0.428539054,1194,E
2,E11,22,44.53333333,7.833333333,0.180881072,568.6666667,1305.4,0.439385858,1580,E
2,E12,23,70.2,11.56666667,0.173272925,904.1666667,1814.366667,0.503507069,2096,E
2,E13,24,109.6333333,13.63333333,0.128338975,1124.533333,2424.5,0.462999177,1555,E
2,E14,25,41.96666667,7.966666667,0.190195014,532.8,1281.1,0.421041565,1465,E
2,E16,1,60.46666667,11.5,0.189081125,1158.466667,2355.3,0.50246275,3903,E
2,E17,7,60.4,11.96666667,0.201010925,1039.966667,2165.333333,0.492098425,1882,E
2,P01,11,91.06666667,16.2,0.180071513,1299.233333,2890.8,0.457694626,2790,P
2,P02,13,92.13333333,11.8,0.126813605,1112.8,2512.066667,0.449418861,1850,P
2,P03,2,62.86666667,11,0.178023052,1432.266667,2751.666667,0.527598412,5000,P
2,P04,3,98.7,23.1,0.239228944,1318.966667,2675.6,0.499866018,1910,P
2,P05,4,93.83333333,19.03333333,0.206289152,1492.733333,2995.933333,0.505946308,3500,P
2,P06,5,71.26666667,16.26666667,0.234673909,1559.166667,3768.066667,0.42179525,3634,P
2,P07,6,80.06666667,16.06666667,0.206442977,1182.3,2381.866667,0.504749364,1907,P
2,P08,8,98,19.56666667,0.199601841,1656.533333,3432.066667,0.49446395,5991,P
2,P09,9,143.3666667,34.4,0.240638504,1724.566667,3231.733333,0.538056245,4624,P
3,E01,10,40.38709677,5.419354839,0.128801328,451.9354839,1118.709677,0.403917258,800,E
3,E02,12,52.77419355,9.903225806,0.190105644,664.8387097,1502.645161,0.445110581,1375,E
3,E03,14,36.90322581,7.161290323,0.192200165,552.2580645,1388.741935,0.398759687,1507,E
3,E04,15,85.03225806,18.09677419,0.215005983,1011.064516,2096.967742,0.484834509,2118,E
3,E05,16,22.93548387,5.419354839,0.239725236,394.8387097,944.2903226,0.418800547,1300,E
3,E06,17,62.19354839,8.967741935,0.146205676,761,1770.096774,0.430977874,1658,E
3,E07,18,35.83870968,5.903225806,0.169350035,488.1935484,1248.258065,0.391628391,1291,E
3,E08,19,60.83870968,10.35483871,0.16957954,976.2580645,2600.580645,0.379950904,1740,E
3,E09,20,31.06451613,5.935483871,0.199121289,501.8064516,1185.193548,0.423924734,1194,E
3,E10,21,41.67741935,6.806451613,0.165872545,451.3225806,1101.741935,0.409051267,1194,E
3,E11,22,49.19354839,8.935483871,0.185881973,605.9032258,1476.645161,0.411293279,1580,E
3,E12,23,59.19354839,10.09677419,0.171094074,828.6774194,1751.096774,0.473863174,2096,E
3,E13,24,92.25806452,11.96774194,0.132315204,1031.741935,2341.322581,0.437970451,1555,E
3,E14,25,38.64516129,6.677419355,0.167514885,559.7419355,1444.741935,0.388054863,1465,E
3,E16,1,61.03225806,10.96774194,0.180510535,1156.225806,2514.032258,0.462464162,3903,E
3,E17,7,54.58064516,11.5483871,0.215914153,1030.741935,2305.129032,0.450155861,1882,E
3,P01,11,81.25806452,13.25806452,0.164508834,1239.258065,2915.258065,0.427162092,2790,P
3,P02,13,81.22580645,12.35483871,0.151996034,1106.83871,2637.387097,0.422096791,1850,P
3,P03,2,65.64516129,12.19354839,0.190352437,1439.096774,2950.548387,0.491764463,5000,P
3,P04,3,95.35483871,22.93548387,0.243181972,1325.064516,2882.677419,0.461753711,1910,P
3,P05,4,83.25806452,15.90322581,0.195541527,1418.096774,3127.83871,0.454570034,3500,P
3,P06,5,60.58064516,12.58064516,0.206975588,1450.774194,3687.354839,0.395229042,3634,P
3,P07,6,75.29032258,16.67741935,0.225764512,1245.645161,2709.548387,0.461625258,1907,P
3,P08,8,86.77419355,16.16129032,0.18803114,1689.193548,3652.967742,0.466895447,5991,P
3,P09,9,120.2903226,26.19354839,0.216764546,1602.032258,3085.096774,0.519137059,4624,P
4,E01,10,34.51612903,4.612903226,0.132561769,379.7419355,996.2580645,0.382701706,800,E
4,E02,12,36.64516129,6.387096774,0.171804491,574.4193548,1378.387097,0.419413562,1375,E
4,E03,14,29.41935484,5.548387097,0.194201326,490.9354839,1292.322581,0.381255057,1507,E
4,E04,15,76.87096774,15.80645161,0.204150774,865.6451613,1866.290323,0.467493337,2118,E
4,E05,16,20.03225806,4.064516129,0.196844629,361.516129,922.1290323,0.393957547,1300,E
4,E06,17,51.48387097,7.225806452,0.138524558,656.5806452,1607.967742,0.410361436,1658,E
4,E07,18,29.19354839,4.258064516,0.142304001,420.8387097,1131.677419,0.37388282,1291,E
4,E08,19,48.70967742,8.741935484,0.178407281,854.2903226,2363.258065,0.366244775,1740,E
4,E09,20,25.90322581,4.290322581,0.161152988,433.0645161,1091.225806,0.398939816,1194,E
4,E10,21,33.64516129,4.935483871,0.150137214,393.6129032,1017.516129,0.388168873,1194,E
4,E11,22,36.03225806,6.096774194,0.167707127,499.7419355,1281.806452,0.391430885,1580,E
4,E12,23,51.16129032,7.806451613,0.156408023,743,1614.322581,0.46262682,2096,E
4,E13,24,90.12903226,9.838709677,0.110876819,958.3870968,2396.064516,0.399946251,1555,E
4,E14,25,32.87096774,4.935483871,0.149383776,475.5806452,1332.387097,0.358682863,1465,E
4,E16,1,53.29032258,8.774193548,0.162238818,1019.645161,2315.935484,0.443260145,3903,E
4,E17,7,44.61290323,7.838709677,0.183702174,856.2580645,2005.129032,0.43067912,1882,E
4,P01,11,74,8.935483871,0.119063518,1130.483871,2887.741935,0.398562788,2790,P
4,P02,13,69.5483871,9.612903226,0.140480188,943.8387097,2393.967742,0.397715924,1850,P
4,P03,2,51.93548387,9.903225806,0.191287282,1211.354839,2531.225806,0.481963234,5000,P
4,P04,3,78.32258065,16.25806452,0.204311632,1123.612903,2535.612903,0.44596014,1910,P
4,P05,4,74.80645161,13.80645161,0.18763449,1235.548387,2827.322581,0.440318665,3500,P
4,P06,5,56.09677419,10.06451613,0.180175618,1343.451613,3710.322581,0.365961433,3634,P
4,P07,6,67.06451613,12.29032258,0.188010625,1111.645161,2539.870968,0.439887759,1907,P
4,P08,8,77.41935484,14.09677419,0.183150588,1449.129032,3226.967742,0.454171244,5991,P
4,P09,9,108.2580645,20.29032258,0.187349903,1373.935484,2730.290323,0.504765961,4624,P
5,E01,10,61.76666667,3.433333333,0.057043138,320.5,822.1333333,0.396114063,800,E
5,E02,12,63.66666667,5.033333333,0.077217941,435.8,1001.9,0.428507423,1375,E
5,E03,14,47.73333333,4.3,0.091300657,358.6,898.6333333,0.404756285,1507,E
5,E04,15,124.6,15.73333333,0.128788433,645.8333333,1351.733333,0.473441052,2118,E
5,E05,16,31.66666667,3.9,0.126692914,252.9,625.9333333,0.403492921,1300,E
5,E06,17,77.26666667,5.566666667,0.073175071,514.5,1245.733333,0.407574184,1658,E
5,E07,18,48.03333333,3.5,0.076209205,340.5,911.3,0.376441982,1291,E
5,E08,19,82.86666667,7.6,0.092585114,618.4333333,1657.133333,0.38369363,1740,E
5,E09,20,39.93333333,3.233333333,0.080848057,287.7,692.7,0.407457032,1194,E
5,E10,21,62.4,5.366666667,0.084694547,328.7333333,833,0.397128506,1194,E
5,E11,22,58.56666667,4.6,0.082855966,389.7666667,961.9666667,0.429426072,1580,E
5,E12,23,88.36666667,6.8,0.08049808,596.9666667,1287.666667,0.453555719,2096,E
5,E13,24,179.1333333,10.73333333,0.061623643,850.1,2131.333333,0.388402609,1555,E
5,E14,25,51.46666667,3.566666667,0.071236429,362.9,988.3666667,0.377502409,1465,E
5,E16,1,80.46666667,8.733333333,0.10954421,779.3666667,1655.9,0.465194835,3903,E
5,E17,7,79.43333333,8.133333333,0.104315863,616,1393.433333,0.440426142,1882,E
5,P01,11,133.0666667,9.233333333,0.072607791,926.7,2287.7,0.405220017,2790,P
5,P02,13,118.8666667,7.933333333,0.067298744,705.7666667,1726.933333,0.403721569,1850,P
5,P03,2,73.4,7.466666667,0.104642464,957.4,1895.3,0.497976245,5000,P
5,P04,3,125.4333333,15.23333333,0.124655216,901.8666667,1914.966667,0.479140719,1910,P
5,P05,4,113.2666667,11.83333333,0.104125356,998.8666667,2146.433333,0.460170867,3500,P
5,P06,5,96,9.7,0.101873269,1083.666667,2891.866667,0.372946035,3634,P
5,P07,6,98.26666667,12.5,0.130206909,795.9,1650.866667,0.490385909,1907,P
5,P08,8,108.8666667,12.26666667,0.111750762,1054.566667,2191.833333,0.49634071,5991,P
5,P09,9,186.3,23.1,0.124817776,1219.4,2425.266667,0.492911787,4624,P
6,E01,10,43.7,2.4,0.060131089,273.9354839,740.9032258,0.374697938,800,E
6,E02,12,48.96666667,4.366666667,0.096374061,388.4193548,917.6774194,0.430864832,1375,E
6,E03,14,41.53333333,3.233333333,0.089623128,347.1612903,904.8387097,0.391357418,1507,E
6,E04,15,95.26666667,13.93333333,0.155350196,545.4193548,1172.16129,0.4603438,2118,E
6,E05,16,24.16666667,3.266666667,0.142123583,234.5806452,607.6129032,0.379137442,1300,E
6,E06,17,58.4,4.966666667,0.089832607,472.2580645,1207.548387,0.386950476,1658,E
6,E07,18,44.1,3.8,0.098072215,288.7741935,835.8064516,0.348041803,1291,E
6,E08,19,68.26666667,6.666666667,0.109218424,637.5806452,1808.322581,0.385585284,1740,E
6,E09,20,30.8,3.066666667,0.125172436,268.1935484,667.5483871,0.39607648,1194,E
6,E10,21,49.4516129,3.741935484,0.079895195,260.7741935,704.9032258,0.371773903,1194,E
6,E11,22,45.32258065,4.322580645,0.101136115,350.8387097,960.6129032,0.368508748,1580,E
6,E12,23,68.48387097,7.096774194,0.102090314,543.9354839,1197.032258,0.444621394,2096,E
6,E13,24,138.4333333,9.266666667,0.075233263,779.1290323,2086.870968,0.364707005,1555,E
6,E14,25,44.6,4.033333333,0.091000516,344.0645161,1001.387097,0.338326638,1465,E
6,E16,1,69.6,8.1,0.123194994,735.3225806,1634.483871,0.459935174,3903,E
6,E17,7,63.96774194,6.838709677,0.1057529,589.8387097,1389.774194,0.437294873,1882,E
6,P01,11,100.6451613,7.935483871,0.08938304,817.4516129,2243.741935,0.366928722,2790,P
6,P02,13,96.09677419,7.483870968,0.081101807,621.6451613,1647.870968,0.406664923,1850,P
6,P03,2,64.1,7.266666667,0.120715533,871.2258065,1795.387097,0.481753791,5000,P
6,P04,3,108.2333333,14.73333333,0.145702486,811.3548387,1807.225806,0.46016443,1910,P
6,P05,4,97.36666667,10.96666667,0.121699027,897.6129032,1976.16129,0.481027975,3500,P
6,P06,5,78.5,9.833333333,0.141719805,1052.032258,2957.516129,0.360253869,3634,P
6,P07,6,75.23333333,9.333333333,0.137388336,729.8387097,1551.096774,0.477403687,1907,P
6,P08,8,91.2,11.46666667,0.139958554,1005.741935,2127.903226,0.47651102,5991,P
6,P09,9,157.3333333,21.16666667,0.14881179,1059.935484,2165.354839,0.481392765,4624,P
7,E01,10,34.10344828,3.517241379,0.105616189,282.5333333,761.8333333,0.376387887,800,E
7,E02,12,37.89655172,5.379310345,0.146719444,369.8,859.0333333,0.438079737,1375,E
7,E03,14,28.86206897,4.172413793,0.161385323,366.4333333,950.2333333,0.392624741,1507,E
7,E04,15,70.13793103,14.13793103,0.202430568,562.1,1187.033333,0.485456518,2118,E
7,E05,16,23,4.482758621,0.190244054,259.7666667,668.2333333,0.399503774,1300,E
7,E06,17,43.82758621,5.172413793,0.120451396,451.0333333,1129.466667,0.406686894,1658,E
7,E07,18,27.89655172,3.689655172,0.140608977,314.9666667,912.9,0.349269296,1291,E
7,E08,19,46.79310345,4.931034483,0.113114959,648.3333333,1915.933333,0.349768012,1740,E
7,E09,20,27.34482759,4.068965517,0.146513055,277.4666667,683.4,0.415819707,1194,E
7,E10,21,33.82758621,4.896551724,0.1416139,252.8,653.3,0.390876667,1194,E
7,E11,22,36.10344828,4.551724138,0.132327937,357.2,945.1666667,0.381741104,1580,E
7,E12,23,51.82758621,7.413793103,0.146797411,542.2666667,1239.466667,0.444983827,2096,E
7,E13,24,87.10344828,8.413793103,0.098577934,766.2,2036.433333,0.380066204,1555,E
7,E14,25,30.13793103,4.103448276,0.145480516,330.9666667,949.8,0.353669685,1465,E
7,E16,1,51.48275862,8.034482759,0.148946062,674.3666667,1470.466667,0.468688315,3903,E
7,E17,7,47.27586207,7.931034483,0.173560924,595.1,1374.766667,0.44820205,1882,E
7,P01,11,72.62068966,9.620689655,0.137994099,808.8,2323.266667,0.361261918,2790,P
7,P02,13,75.20689655,9.482758621,0.122040698,647.3333333,1766.4,0.373907655,1850,P
7,P03,2,47.17241379,7.931034483,0.170366165,870.6333333,1799.733333,0.495698522,5000,P
7,P04,3,79.17241379,15.55172414,0.196579536,789.4666667,1732.566667,0.468584636,1910,P
7,P05,4,67.82758621,10.86206897,0.166339048,854.3333333,1855.266667,0.470464494,3500,P
7,P06,5,55.5862069,10.79310345,0.195777098,1020.7,2933.333333,0.360838079,3634,P
7,P07,6,59.31034483,10.34482759,0.175376162,724.4,1551.766667,0.480167732,1907,P
7,P08,8,70.82758621,14.06896552,0.198125177,1000.633333,2081.266667,0.499559879,5991,P
7,P09,9,111.8275862,29.10344828,0.265044367,997.5333333,1959.566667,0.51559245,4624,P
8,E01,10,50.96428571,4.642857143,0.089932033,362.4193548,925.1612903,0.394615052,800,E
8,E02,12,61.14285714,7.928571429,0.131781489,477.9032258,1121.258065,0.433441525,1375,E
8,E03,14,48.82142857,5.392857143,0.107867401,426.6451613,1080.032258,0.418760762,1507,E
8,E04,15,111.9285714,20.53571429,0.185679538,714.0645161,1483.322581,0.489004607,2118,E
8,E05,16,29.96428571,4.857142857,0.175086619,295,702.2258065,0.423470282,1300,E
8,E06,17,70.25,6.928571429,0.096776261,589.7096774,1446.483871,0.413836498,1658,E
8,E07,18,47.75,5.5,0.116091171,390.4516129,1074.193548,0.363426375,1291,E
8,E08,19,71.48275862,8.413793103,0.121030199,808.516129,2356.354839,0.352108623,1740,E
8,E09,20,40.21428571,5.107142857,0.128654205,339.9677419,810.0322581,0.426912483,1194,E
8,E10,21,52.96428571,6.821428571,0.124330108,306.3548387,775.2903226,0.396294123,1194,E
8,E11,22,65,9.785714286,0.146715689,451.5483871,1179.741935,0.383205488,1580,E
8,E12,23,86.32142857,11.75,0.14890375,653.3548387,1416.193548,0.463199419,2096,E
8,E13,24,127.2857143,12.85714286,0.103930152,926.8709677,2440.258065,0.375907706,1555,E
8,E14,25,46.96428571,6.571428571,0.131207787,410.516129,1144.645161,0.361340689,1465,E
8,E16,1,84.35714286,13.28571429,0.153805885,841.3548387,1787.870968,0.470400504,3903,E
8,E17,7,79.28571429,12.5,0.164640751,744.9032258,1663.096774,0.456344065,1882,E
8,P01,11,111.3571429,12.42857143,0.111781675,989.9354839,2809.774194,0.36198913,2790,P
8,P02,13,121.8214286,16.64285714,0.135702915,805.9677419,2103.129032,0.387999929,1850,P
8,P03,2,79.71428571,12.71428571,0.160266314,1087.193548,2175.83871,0.504137289,5000,P
8,P04,3,125.1428571,23.07142857,0.183734074,985.4516129,2132.903226,0.468468398,1910,P
8,P05,4,106.5714286,16.85714286,0.166892465,1064,2279.225806,0.472528148,3500,P
8,P06,5,86.85714286,14.85714286,0.166354395,1302.83871,3606.129032,0.367306554,3634,P
8,P07,6,94.42857143,15.14285714,0.158931686,894.1935484,1847.258065,0.491395748,1907,P
8,P08,8,106.3571429,18.89285714,0.174985028,1247.709677,2512.677419,0.525522893,5991,P
8,P09,9,173.3571429,41.89285714,0.236490331,1232.387097,2334.612903,0.510400175,4624,P
9,E01,10,29.36666667,3.266666667,0.108651595,244.516129,685.6451613,0.359684041,800,E
9,E02,12,31.2,4.533333333,0.148198065,355.3225806,883,0.410757644,1375,E
9,E03,14,23.36666667,3.566666667,0.159139416,292.8387097,809,0.366417748,1507,E
9,E04,15,59.76666667,12.26666667,0.20916095,566.1612903,1336.709677,0.435229295,2118,E
9,E05,16,16.63333333,3.7,0.223908341,196.5483871,547.9032258,0.363487122,1300,E
9,E06,17,40.46666667,5.5,0.144556776,429.7419355,1136.612903,0.387060374,1658,E
9,E07,18,25.46666667,3.2,0.134275582,270.2258065,820.0322581,0.330368875,1291,E
9,E08,19,37.76666667,5.233333333,0.137575041,536.8064516,1646.032258,0.334703544,1740,E
9,E09,20,21.1,3.166666667,0.157185422,233.6774194,618.0322581,0.383490078,1194,E
9,E10,21,29.76666667,4.966666667,0.176010862,230.516129,636.3225806,0.365317868,1194,E
9,E11,22,35.03333333,6.233333333,0.176920628,306.1935484,862.3548387,0.358898386,1580,E
9,E12,23,47.7,7.333333333,0.156494731,476.7741935,1146.225806,0.422849052,2096,E
9,E13,24,77.7,8.866666667,0.108816933,664.7741935,1755.806452,0.379908995,1555,E
9,E14,25,27.26666667,3.266666667,0.131977662,269.516129,824.516129,0.330801694,1465,E
9,E16,1,44.96666667,7.933333333,0.173222562,613.1290323,1462.451613,0.430164672,3903,E
9,E17,7,40.1,6.9,0.177018129,501.7419355,1263.258065,0.407162634,1882,E
9,P01,11,59.13333333,9.2,0.156168689,719.1612903,2218.774194,0.337965474,2790,P
9,P02,13,58.86666667,8.1,0.141900359,595.7741935,1668.903226,0.363194141,1850,P
9,P03,2,41.83333333,7.8,0.184198895,766.9032258,1708.258065,0.457645072,5000,P
9,P04,3,66.1,13.16666667,0.205328332,728.2258065,1705.16129,0.435160576,1910,P
9,P05,4,62.73333333,10.6,0.168339196,808.9677419,1936.516129,0.425201972,3500,P
9,P06,5,45.43333333,8.4,0.184532058,892.2580645,2624.709677,0.350414288,3634,P
9,P07,6,48.16666667,9.466666667,0.205836423,652.483871,1443.387097,0.460996592,1907,P
9,P08,8,47.13333333,9,0.192219626,955.6774194,2157.83871,0.459080795,5991,P
9,P09,9,89.16666667,23.36666667,0.268536185,945.2258065,2095.741935,0.457741176,4624,P
10,E01,10,22.39285714,2.285714286,0.109915879,231.0357143,665.2142857,0.351173717,800,E
10,E02,12,23.57142857,3.142857143,0.125060165,344.4285714,890.0714286,0.39540346,1375,E
10,E03,14,16.64285714,2.25,0.160686383,259.6428571,740.4642857,0.355640508,1507,E
10,E04,15,43.07142857,8.821428571,0.205420758,538.7142857,1294.607143,0.426517629,2118,E
10,E05,16,11.5,2.357142857,0.205711702,193.2142857,540.2142857,0.362527823,1300,E
10,E06,17,24.21428571,3.964285714,0.167422938,405.6071429,1096.821429,0.375848319,1658,E
10,E07,18,18.71428571,2.285714286,0.126547358,247.9642857,773.5357143,0.322422121,1291,E
10,E08,19,28.71428571,4.357142857,0.145705503,513.9642857,1659.821429,0.31818036,1740,E
10,E09,20,15.60714286,2.142857143,0.147709028,221.3928571,608.0357143,0.370968588,1194,E
10,E10,21,23.60714286,4.214285714,0.181633321,227.5357143,642.2142857,0.3573541,1194,E
10,E11,22,25.28571429,3.785714286,0.153549242,283.8928571,805.2142857,0.356386109,1580,E
10,E12,23,34.60714286,5.428571429,0.152887679,468.7142857,1138.75,0.417729702,2096,E
10,E13,24,66.17857143,7.071428571,0.110476465,690.3928571,1927.357143,0.361087146,1555,E
10,E14,25,20.92857143,2.857142857,0.137425648,264.1785714,831.5714286,0.323149173,1465,E
10,E16,1,30.07142857,4.714285714,0.149038942,612.4285714,1483.642857,0.420137895,3903,E
10,E17,7,28.64285714,5.142857143,0.177839616,489.7857143,1255.321429,0.398040623,1882,E
10,P01,11,44.71428571,6.214285714,0.135303063,714.9642857,2287.285714,0.325156045,2790,P
10,P02,13,44.14285714,6.928571429,0.155718674,547.25,1571.75,0.356064231,1850,P
10,P03,2,28.64285714,5.214285714,0.188652126,744.9642857,1637.964286,0.463128468,5000,P
10,P04,3,44.42857143,10.35714286,0.230588465,698.4285714,1648,0.432588162,1910,P
10,P05,4,44.78571429,7.285714286,0.167771206,781.4642857,1893.428571,0.421458653,3500,P
10,P06,5,35.5,7.392857143,0.199739691,861.5714286,2604.857143,0.340681932,3634,P
10,P07,6,35.57142857,5.857142857,0.163596692,630.4642857,1434.5,0.448968544,1907,P
10,P08,8,31.28571429,5.535714286,0.176975742,890.1785714,2001.75,0.461545629,5991,P
10,P09,9,69.5,17.17857143,0.239104657,929.6071429,2095.5,0.449548075,4624,P
11,E01,10,19.70967742,2.161290323,0.115003216,266.1935484,760.1290323,0.35254001,800,E
11,E02,12,22.16129032,3.225806452,0.145938744,348.8387097,873.6129032,0.407587962,1375,E
11,E03,14,17.41935484,3,0.180205724,285.4193548,780.0967742,0.370699123,1507,E
11,E04,15,45.16129032,10.25806452,0.232911691,528.0322581,1240.483871,0.433646445,2118,E
11,E05,16,12.19354839,2.64516129,0.212565254,196.1935484,556.7741935,0.358425692,1300,E
11,E06,17,23.80645161,2.580645161,0.113963612,410.1935484,1065.612903,0.394494415,1658,E
11,E07,18,16.19354839,2.193548387,0.128438087,265.6129032,804.5806452,0.331574901,1291,E
11,E08,19,27.19354839,4.967741935,0.184956917,506,1584.580645,0.329479395,1740,E
11,E09,20,13.64516129,2.032258065,0.152044477,229.1935484,612.516129,0.381609102,1194,E
11,E10,21,22.90322581,4.129032258,0.169483162,248.7419355,702.2258065,0.359357273,1194,E
11,E11,22,20.38709677,3.387096774,0.1770491,311.1612903,903.5806452,0.346833775,1580,E
11,E12,23,30.35483871,4.64516129,0.159897945,458.4516129,1120.83871,0.414008202,2096,E
11,E13,24,59.41935484,6.935483871,0.117267511,704.2903226,1998.032258,0.35507209,1555,E
11,E14,25,17.87096774,2.612903226,0.14479834,288.7096774,903.6129032,0.323991154,1465,E
11,E16,1,29.64516129,5.161290323,0.176844208,618.6129032,1459.16129,0.434776949,3903,E
11,E17,7,27.5483871,6.709677419,0.261746921,508.7419355,1218.290323,0.428871936,1882,E
11,P01,11,37.41935484,6.483870968,0.172039565,698.4193548,2114.419355,0.340749578,2790,P
11,P02,13,40.06451613,6.967741935,0.171031189,572.6774194,1619.096774,0.358681357,1850,P
11,P03,2,26.35483871,5.35483871,0.201830991,781.0645161,1675.032258,0.472048983,5000,P
11,P04,3,41.51612903,10.22580645,0.250101905,700.5806452,1606.387097,0.444771477,1910,P
11,P05,4,38.90322581,6.548387097,0.169485883,803.8709677,1926,0.426402263,3500,P
11,P06,5,33.64516129,7.548387097,0.226917724,855.5806452,2677.548387,0.32716507,3634,P
11,P07,6,33.51612903,6.516129032,0.189031764,604.3225806,1381.16129,0.444966293,1907,P
11,P08,8,28.77419355,6.967741935,0.246370426,887.0967742,1975.612903,0.464150537,5991,P
11,P09,9,60.58064516,15.61290323,0.263893357,893.6129032,2015.032258,0.447817878,4624,P
12,E01,10,31.13793103,2.862068966,0.092232904,264.8666667,752.4666667,0.357048078,800,E
12,E02,12,32.89655172,4.655172414,0.150962425,374.2,929.1,0.412221588,1375,E
12,E03,14,26.65517241,3.793103448,0.139848225,319.4333333,889,0.363818836,1507,E
12,E04,15,71.72413793,16.37931034,0.233701652,578.5333333,1350.433333,0.437521156,2118,E
12,E05,16,16.03448276,3.862068966,0.269115551,218.7333333,608.8,0.364231125,1300,E
12,E06,17,37.13793103,6.103448276,0.172275828,471.2666667,1210.666667,0.399116569,1658,E
12,E07,18,24.93103448,3.724137931,0.153176913,293.8666667,868.8666667,0.340088585,1291,E
12,E08,19,45.03448276,7.965517241,0.183487398,609.9333333,1931.266667,0.330933956,1740,E
12,E09,20,18.82758621,2.517241379,0.152713198,258.4,681.6333333,0.382747728,1194,E
12,E10,21,30.13793103,4.931034483,0.165951071,265.1666667,752.3666667,0.353350289,1194,E
12,E11,22,31.75862069,5.310344828,0.175992744,323.5666667,945.8,0.34641467,1580,E
12,E12,23,49.06896552,8.413793103,0.170790003,512.9666667,1232.633333,0.420124435,2096,E
12,E13,24,86.06896552,9.862068966,0.116185815,764.3,2215.533333,0.348080872,1555,E
12,E14,25,27.37931034,4.620689655,0.176515639,325.2333333,1025.433333,0.320860804,1465,E
12,E16,1,46.72413793,8.827586207,0.189410284,701.2,1620.433333,0.442657435,3903,E
12,E17,7,47.5862069,8.931034483,0.19065058,584.7666667,1417.933333,0.424580359,1882,E
12,P01,11,67.48275862,9.379310345,0.146109612,776.2333333,2507.7,0.328568252,2790,P
12,P02,13,67.93103448,12.75862069,0.186270608,660.4333333,1873.266667,0.362147751,1850,P
12,P03,2,48.93103448,9.862068966,0.206859801,840.7,1820.266667,0.470838142,5000,P
12,P04,3,67.37931034,13.65517241,0.207949111,791.4666667,1830.166667,0.442982459,1910,P
12,P05,4,65.06896552,10.65517241,0.169063725,913.8666667,2198.633333,0.424513586,3500,P
12,P06,5,59.51724138,13.10344828,0.226870368,985.8666667,3000.8,0.339663712,3634,P
12,P07,6,49.5862069,9.827586207,0.212693668,679.8,1554.233333,0.448122589,1907,P
12,P08,8,62.03448276,11.75862069,0.192234744,957.5666667,2196.533333,0.451845444,5991,P
12,P09,9,106.3793103,25.79310345,0.247355655,953.4,2171.166667,0.442470222,4624,P
13,E01,10,39.4,4.333333333,0.128524221,396.7096774,948.0967742,0.425328513,800,E
13,E02,12,48.3,9.766666667,0.205583567,566.1935484,1265.354839,0.456578599,1375,E
13,E03,14,33.33333333,4.733333333,0.143126117,465.4516129,1107.483871,0.424761657,1507,E
13,E04,15,104.6666667,26.33333333,0.259787809,888.2580645,1851.096774,0.488208325,2118,E
13,E05,16,19.2,3.8,0.199025761,332.8387097,828.7741935,0.403075334,1300,E
13,E06,17,54.2,8.3,0.1547864,656.2903226,1500.225806,0.44962431,1658,E
13,E07,18,33.13333333,5.533333333,0.172179713,405.1290323,979.5806452,0.41771212,1291,E
13,E08,19,53.76666667,10.53333333,0.197319939,799.6774194,2165.741935,0.380221542,1740,E
13,E09,20,25.96666667,5.166666667,0.207738203,391.3548387,932.9032258,0.424093675,1194,E
13,E10,21,44.83333333,8.3,0.187465643,409.6774194,1043.193548,0.393384234,1194,E
13,E11,22,38.56666667,6.066666667,0.155557329,466.3548387,1143.451613,0.415148697,1580,E
13,E12,23,71.86666667,13.13333333,0.186301179,758.5483871,1622.612903,0.471729263,2096,E
13,E13,24,125.1,17.3,0.140336094,1110.870968,2774.935484,0.401768685,1555,E
13,E14,25,31.7,5.166666667,0.169034122,450.8709677,1160.451613,0.397690748,1465,E
13,E16,1,65.46666667,13.43333333,0.203153956,981.4516129,2062.322581,0.484279456,3903,E
13,E17,7,62.73333333,14.23333333,0.227242836,816.2903226,1801.096774,0.46166657,1882,E
13,P01,11,95.7,13.26666667,0.139352584,1079,2803.612903,0.393214954,2790,P
13,P02,13,92.1,18.86666667,0.209021383,898.8387097,2250.774194,0.406147094,1850,P
13,P03,2,66.9,13.36666667,0.202166331,1107.935484,2144.709677,0.529669957,5000,P
13,P04,3,92.3,21.46666667,0.237897982,1069.774194,2278.483871,0.479552098,1910,P
13,P05,4,83.43333333,15.63333333,0.196662067,1247.935484,2675.451613,0.480184801,3500,P
13,P06,5,84.4,17.16666667,0.206952201,1307.612903,3319.774194,0.402613895,3634,P
13,P07,6,64.3,14.5,0.230421962,944.8387097,1974.709677,0.487085106,1907,P
13,P08,8,82.06666667,16,0.195396473,1311.354839,2840.258065,0.473747532,5991,P
13,P09,9,161.4,45.16666667,0.280885868,1457,2930.870968,0.50116378,4624,P
14,E01,10,47.86666667,5.7,0.119771745,494.8666667,1194.133333,0.415537876,800,E
14,E02,12,60.86666667,10.7,0.179218519,676.0333333,1488.833333,0.459970871,1375,E
14,E03,14,42.93333333,7.266666667,0.168244926,568.2,1351.466667,0.425211931,1507,E
14,E04,15,131.6666667,32.53333333,0.247389231,1097.966667,2305.333333,0.483929314,2118,E
14,E05,16,24.43333333,4.933333333,0.210068381,413.0666667,993.1666667,0.418060542,1300,E
14,E06,17,63.03333333,10.76666667,0.169736204,801.1666667,1855.966667,0.436753284,1658,E
14,E07,18,37.33333333,6.233333333,0.161258092,485.3666667,1175.266667,0.414837328,1291,E
14,E08,19,66.76666667,11.23333333,0.170824586,1005.033333,2645.533333,0.389750378,1740,E
14,E09,20,34.3,6.533333333,0.199539929,487,1122.333333,0.437253789,1194,E
14,E10,21,54.16666667,11.4,0.219488606,500.3666667,1247.666667,0.402051789,1194,E
14,E11,22,58.36666667,10.5,0.188620239,590.0333333,1435.566667,0.413586562,1580,E
14,E12,23,79.33333333,14,0.176845678,885.9666667,1889.933333,0.471915048,2096,E
14,E13,24,166.1666667,24.3,0.147712046,1370.266667,3300.266667,0.41560684,1555,E
14,E14,25,41.23333333,7.166666667,0.180221878,535.2,1375.566667,0.392808834,1465,E
14,E16,1,72.03333333,14.1,0.196808518,1112.566667,2328.933333,0.485696703,3903,E
14,E17,7,73.6,13.93333333,0.190873599,983.2,2183.433333,0.458113764,1882,E
14,P01,11,125.6666667,18.03333333,0.148832903,1335.8,3335.7,0.409178561,2790,P
14,P02,13,107.4666667,21.4,0.201340953,1127.5,2819.3,0.404131651,1850,P
14,P03,2,81.33333333,18.23333333,0.227771548,1363.466667,2666.5,0.51801246,5000,P
14,P04,3,116.4333333,26.5,0.234054806,1313.366667,2781,0.477798411,1910,P
14,P05,4,108.4333333,19.7,0.183819971,1491.466667,3210.733333,0.469306867,3500,P
14,P06,5,108.5666667,22.86666667,0.215112174,1572.833333,3948.1,0.405805856,3634,P
14,P07,6,84.13333333,17.93333333,0.211191966,1164.133333,2405.233333,0.489666293,1907,P
14,P08,8,120.7666667,26.23333333,0.219059009,1681.833333,3530.533333,0.487267989,5991,P
14,P09,9,207.5,53.9,0.262658453,1794.8,3534.233333,0.511334803,4624,P
15,E01,10,51.5483871,7.032258065,0.140852924,472.5483871,1212.16129,0.389822491,800,E
15,E02,12,59.22580645,11.19354839,0.185088113,709.9354839,1667.451613,0.428380479,1375,E
15,E03,14,46.48387097,7.64516129,0.16408813,611.2258065,1559.774194,0.394377682,1507,E
15,E04,15,119.0322581,27.74193548,0.236300933,1040.419355,2253.935484,0.465153756,2118,E
15,E05,16,27.83870968,6.096774194,0.21742691,433.2580645,1075.387097,0.404202521,1300,E
15,E06,17,65.16129032,10.29032258,0.161814392,795.8709677,1909.548387,0.418593919,1658,E
15,E07,18,44.41935484,7.193548387,0.168156161,517.2258065,1295.193548,0.399806809,1291,E
15,E08,19,70.48387097,11.38709677,0.164040811,1109.032258,3115.354839,0.362606589,1740,E
15,E09,20,39,6.034482759,0.16231068,556.9032258,1343.483871,0.416404393,1194,E
15,E10,21,50.58064516,9.967741935,0.197370794,466.7741935,1166.483871,0.399975073,1194,E
15,E11,22,64.29032258,13.5483871,0.214546975,642.7096774,1661.516129,0.388589527,1580,E
15,E12,23,78.29032258,15.06451613,0.19666452,911.6129032,2000.032258,0.458166422,2096,E
15,E13,24,145.1935484,19.90322581,0.140166367,1222.935484,3140.16129,0.387902166,1555,E
15,E14,25,41.22580645,7.709677419,0.193296855,602.6129032,1637.967742,0.369530991,1465,E
15,E16,1,76.09677419,16.35483871,0.218239167,1212.709677,2665.967742,0.458985544,3903,E
15,E17,7,77.93548387,16.4516129,0.215728759,1048.967742,2442.129032,0.433413827,1882,E
15,P01,11,116.2903226,19.80645161,0.177571746,1314.193548,3355.516129,0.396288655,2790,P
15,P02,13,114.3225806,23.64516129,0.207671373,1161.419355,3016,0.387625394,1850,P
15,P03,2,89.16129032,17.90322581,0.203860332,1432,2943.580645,0.491987196,5000,P
15,P04,3,112.7419355,23.41935484,0.213923296,1382.806452,3069.16129,0.453822556,1910,P
15,P05,4,113.6451613,22.58064516,0.203242129,1495.16129,3344.580645,0.449185537,3500,P
15,P06,5,104.7096774,20.80645161,0.200655373,1564.483871,4051.774194,0.390026218,3634,P
15,P07,6,89.96774194,18.35483871,0.205429934,1293.354839,2842.354839,0.457870814,1907,P
15,P08,8,125.7741935,29.35483871,0.235281152,1821.322581,4045.16129,0.455896863,5991,P
15,P09,9,187.1612903,50,0.269530359,1698.225806,3396.83871,0.501131546,4624,P
16,E01,10,37.29032258,4.870967742,0.132368121,375.5483871,991.1290323,0.380930798,800,E
16,E02,12,46.64516129,7.612903226,0.173458887,570.6451613,1394.548387,0.412082231,1375,E
16,E03,14,34.58064516,5.516129032,0.158172709,504.7741935,1326.032258,0.382428371,1507,E
16,E04,15,103.6451613,20.77419355,0.203089337,856,1919.709677,0.448088692,2118,E
16,E05,16,20.93548387,4.129032258,0.197712894,366.7419355,950.1612903,0.387490704,1300,E
16,E06,17,49.83870968,8.387096774,0.170338096,643.1935484,1624.16129,0.397986916,1658,E
16,E07,18,29.4516129,4.064516129,0.141202648,410.8387097,1068,0.386267678,1291,E
16,E08,19,56.03225806,9.129032258,0.167003986,873.4516129,2575.806452,0.343886588,1740,E
16,E09,20,30.19354839,5.032258065,0.160968595,462.9677419,1175.16129,0.395843786,1194,E
16,E10,21,40.61290323,7.193548387,0.174185012,395.3225806,1057.290323,0.375319005,1194,E
16,E11,22,48.83870968,8.290322581,0.171196925,509.7741935,1347.967742,0.379699438,1580,E
16,E12,23,64.74193548,9.903225806,0.154324661,752.2903226,1705.032258,0.443462949,2096,E
16,E13,24,138.5806452,16.64516129,0.123010363,1111.580645,3040.354839,0.365581728,1555,E
16,E14,25,35.5483871,6,0.167118758,517.6129032,1457.032258,0.357207005,1465,E
16,E16,1,59.87096774,9.806451613,0.160087207,965.9354839,2209.806452,0.44020809,3903,E
16,E17,7,59.06451613,11.38709677,0.192537975,833.3225806,2006.419355,0.419749503,1882,E
16,P01,11,103.8709677,16.51612903,0.163966975,1156.935484,3182.064516,0.372010546,2790,P
16,P02,13,88.61290323,15.48387097,0.179317948,865.1935484,2375.387097,0.367422234,1850,P
16,P03,2,63.96774194,10.90322581,0.173435893,1118.032258,2359.935484,0.478512162,5000,P
16,P04,3,91,18.93548387,0.213144381,1113.677419,2535,0.442653921,1910,P
16,P05,4,95.96774194,17.06451613,0.181896764,1287,3015.806452,0.430118187,3500,P
16,P06,5,90.09677419,18.77419355,0.20832288,1330.774194,3777.258065,0.356031164,3634,P
16,P07,6,74.77419355,15.70967742,0.213637183,1085.774194,2543.193548,0.429966768,1907,P
16,P08,8,101.5806452,21.29032258,0.211686399,1461.419355,3310.032258,0.446538879,5991,P
16,P09,9,161.8709677,37.58064516,0.236655612,1449.129032,2962.322581,0.490203628,4624,P
17,E01,10,39.5862069,4.517241379,0.125198813,323.0666667,880.6666667,0.371785408,800,E
17,E02,12,43.27586207,6.655172414,0.155127519,473.3333333,1133.433333,0.427987431,1375,E
17,E03,14,33.72413793,4.517241379,0.131545942,394.5,1044.9,0.382611165,1507,E
17,E04,15,102.3793103,19.48275862,0.190528633,771.8666667,1739.066667,0.452498562,2118,E
17,E05,16,21.79310345,3.75862069,0.176803114,277.5,723.4,0.389750189,1300,E
17,E06,17,46.86206897,5.862068966,0.126846517,542.7,1376.466667,0.401861315,1658,E
17,E07,18,28.34482759,2.862068966,0.106967442,350.9333333,926.8333333,0.379956994,1291,E
17,E08,19,51.03448276,7.275862069,0.144274653,740.3,2217.1,0.346040856,1740,E
17,E09,20,26,3.586206897,0.14982462,324.3333333,808.3,0.409512206,1194,E
17,E10,21,41.89655172,7.517241379,0.186246931,353,949.6666667,0.373761239,1194,E
17,E11,22,47.31034483,7.655172414,0.165088285,427.8333333,1155.6,0.374847166,1580,E
17,E12,23,67.5862069,8.448275862,0.131534061,652,1493.433333,0.441338851,2096,E
17,E13,24,149.9655172,14.65517241,0.101630893,1056.966667,2901.5,0.366713335,1555,E
17,E14,25,32.75862069,4.344827586,0.138026149,426.4666667,1218.333333,0.354909187,1465,E
17,E16,1,56.75862069,9.965517241,0.171481336,802.7666667,1789.466667,0.459584468,3903,E
17,E17,7,56.86206897,10.17241379,0.187388532,683.3,1608.8,0.437117679,1882,E
17,P01,11,109.6896552,15.20689655,0.139474404,1019.833333,2886.966667,0.366626821,2790,P
17,P02,13,86.79310345,14.10344828,0.165369935,746.7333333,1999.166667,0.383900217,1850,P
17,P03,2,64.03448276,10.20689655,0.16622216,981.2666667,2038.666667,0.491742777,5000,P
17,P04,3,87.68965517,16.06896552,0.1923785,929.2,2039.6,0.465522664,1910,P
17,P05,4,93.20689655,13.55172414,0.148838677,1082.166667,2479.566667,0.445347753,3500,P
17,P06,5,92.44827586,16.4137931,0.178821104,1198.166667,3355.066667,0.368097179,3634,P
17,P07,6,65.20689655,12.06896552,0.188892913,837.8333333,1849.433333,0.464584844,1907,P
17,P08,8,92.72413793,18.31034483,0.196493714,1185.633333,2568.233333,0.477404307,5991,P
17,P09,9,165.5172414,38.93103448,0.238788379,1340.666667,2802.366667,0.482491468,4624,P
18,E01,10,31.1,3.1,0.10399941,246.2903226,691.9677419,0.361962159,800,E
18,E02,12,40.06666667,5.766666667,0.133630297,356.483871,895.7419355,0.410655196,1375,E
18,E03,14,26.83333333,4.566666667,0.161711017,320.1290323,859,0.38050106,1507,E
18,E04,15,86.6,15.16666667,0.173236985,577.4193548,1332.903226,0.447221694,2118,E
18,E05,16,20.06666667,2.966666667,0.141263037,220.3225806,580.9354839,0.386783928,1300,E
18,E06,17,46.74074074,4.925925926,0.106833349,447.9032258,1199.451613,0.386005467,1658,E
18,E07,18,25.6,3,0.113404923,267.2580645,745.8064516,0.362075748,1291,E
18,E08,19,44.13333333,6.333333333,0.141909814,582.1935484,1821.741935,0.334850542,1740,E
18,E09,20,23.83333333,2.766666667,0.111400256,255.2903226,649.6451613,0.403241437,1194,E
18,E10,21,35.43333333,5.333333333,0.14173743,238.5806452,693.2258065,0.346654128,1194,E
18,E11,22,39.66666667,5.9,0.145550565,340.7096774,948.2903226,0.366760887,1580,E
18,E12,23,55.7,7.366666667,0.137371142,495.6451613,1202.580645,0.417213268,2096,E
18,E13,24,117.6666667,12.46666667,0.104628889,851.8387097,2431.419355,0.354514378,1555,E
18,E14,25,29.56666667,3.6,0.111299894,340.2258065,1045.16129,0.33320604,1465,E
18,E16,1,51,8.8,0.1696262,661.1612903,1533.967742,0.446494928,3903,E
18,E17,7,52.66666667,8.666666667,0.158458132,536.1612903,1307.451613,0.427184863,1882,E
18,P01,11,85.46666667,11.73333333,0.131964761,783.2258065,2385.83871,0.346884239,2790,P
18,P02,13,77.26666667,13.83333333,0.172523553,635,1759.580645,0.372517398,1850,P
18,P03,2,51.73333333,8.366666667,0.155837973,793.6774194,1674.064516,0.489382101,5000,P
18,P04,3,75.33333333,13.63333333,0.184161969,758.0322581,1705.935484,0.458872581,1910,P
18,P05,4,71.53333333,10.6,0.154075689,827.1612903,1940.548387,0.438255099,3500,P
18,P06,5,73.53333333,13.5,0.176292401,1001.483871,2916.548387,0.359745963,3634,P
18,P07,6,56.2,9.733333333,0.165357064,661.0322581,1467.870968,0.463311387,1907,P
18,P08,8,73.3,16.06666667,0.213832312,955.0322581,2103.387097,0.477121891,5991,P
18,P09,9,136.1666667,31.46666667,0.231324278,1010.741935,2217.741935,0.462096897,4624,P
19,E01,10,40.63333333,4.133333333,0.109895966,289.7,809.8,0.366639355,800,E
19,E02,12,45.43333333,5.833333333,0.134808045,400.6,1002.033333,0.411412514,1375,E
19,E03,14,40.83333333,6,0.162455049,398.9,1055.233333,0.384818039,1507,E
19,E04,15,91.03333333,17.66666667,0.195721529,606.8,1361.5,0.460102418,2118,E
19,E05,16,23.03333333,4.266666667,0.193667281,270.7666667,696.4666667,0.397932047,1300,E
19,E06,17,46.9,5.966666667,0.131877284,483.9333333,1256.766667,0.394371128,1658,E
19,E07,18,34.4,3.366666667,0.102767864,307.3666667,850.5666667,0.361881705,1291,E
19,E08,19,47.16666667,7.533333333,0.173546395,705.1,2212.9,0.335201428,1740,E
19,E09,20,29.76666667,4.666666667,0.175669476,295.0666667,767.0333333,0.393712655,1194,E
19,E10,21,43.03333333,6.6,0.157564362,273.0666667,787.9,0.352151289,1194,E
19,E11,22,49.33333333,7.566666667,0.157180712,379.6333333,1074.233333,0.359140207,1580,E
19,E12,23,72.3,10.36666667,0.147844943,586.0333333,1393,0.426621612,2096,E
19,E13,24,134.9666667,14.76666667,0.114450621,997.4333333,2868.466667,0.352920987,1555,E
19,E14,25,33.36666667,4.066666667,0.131047526,368.7333333,1124.133333,0.334038092,1465,E
19,E16,1,61,9.7,0.158119044,718.1666667,1613.833333,0.456696755,3903,E
19,E17,7,60.86666667,9.933333333,0.165967454,626.8666667,1500.533333,0.430008122,1882,E
19,P01,11,98.66666667,13.4,0.139625412,876.9666667,2841.933333,0.328409237,2790,P
19,P02,13,88.66666667,14.8,0.168127184,674.7,1932.966667,0.359509733,1850,P
19,P03,2,66.53333333,10.66666667,0.162749213,909.3666667,1883.666667,0.496537431,5000,P
19,P04,3,87.73333333,15.3,0.180213283,823.9,1866.7,0.453539862,1910,P
19,P05,4,94.13333333,13.83333333,0.147150504,945.4666667,2227.966667,0.437208583,3500,P
19,P06,5,80.23333333,14.53333333,0.181186315,1149.066667,3362.866667,0.35819539,3634,P
19,P07,6,73.86666667,12.83333333,0.179482965,751.6666667,1719.5,0.451948828,1907,P
19,P08,8,84.53333333,18.1,0.216500552,1048.633333,2272.566667,0.480122213,5991,P
19,P09,9,148.3333333,34.53333333,0.23473572,1066.1,2284.766667,0.472982876,4624,P
20,E01,10,73.39285714,8.071428571,0.115418894,394.516129,1006.129032,0.396388619,800,E
20,E02,12,67.10714286,8.535714286,0.124044315,517.6451613,1167.225806,0.447230072,1375,E
20,E03,14,57.85714286,7.107142857,0.123251673,491.1612903,1154.451613,0.426193895,1507,E
20,E04,15,147.9642857,26.82142857,0.182976595,744.9354839,1580.419355,0.472763976,2118,E
20,E05,16,35.5,6.071428571,0.175108642,355.0322581,810.1612903,0.44095998,1300,E
20,E06,17,72.75,10.28571429,0.141951157,590.6774194,1440.548387,0.413379429,1658,E
20,E07,18,54.64285714,5.964285714,0.110399171,424.3225806,1043.709677,0.401936876,1291,E
20,E08,19,80.85714286,13.35714286,0.165466661,904,2586.451613,0.353296279,1740,E
20,E09,20,43.85714286,6.178571429,0.147747013,386.1290323,886.3870968,0.439884185,1194,E
20,E10,21,60.78571429,8.5,0.140034273,320.7096774,827.7741935,0.385447928,1194,E
20,E11,22,82.71428571,12.71428571,0.149883788,511.6451613,1260.129032,0.404323196,1580,E
20,E12,23,103.9285714,15.46428571,0.153240132,723.4193548,1593.548387,0.452503254,2096,E
20,E13,24,200.5357143,20.39285714,0.107435797,1284.741935,3459.193548,0.367470201,1555,E
20,E14,25,51.64285714,6.571428571,0.12809595,479.6451613,1310.903226,0.370942281,1465,E
20,E16,1,90.03571429,15.89285714,0.180565305,882.4516129,1826,0.487356586,3903,E
20,E17,7,93.67857143,14.10714286,0.150880628,770.9677419,1688.741935,0.461622693,1882,E
20,P01,11,144.5357143,19.35714286,0.14063056,1052.129032,3254.064516,0.331449038,2790,P
20,P02,13,137.6071429,22.39285714,0.168696914,856.7096774,2267.064516,0.381962277,1850,P
20,P03,2,116.3214286,18.17857143,0.159298031,1133.032258,2213.903226,0.515194073,5000,P
20,P04,3,142.5357143,25.17857143,0.172333806,1035.903226,2184.16129,0.479947132,1910,P
20,P05,4,133.3214286,20.5,0.158963008,1138.935484,2451.548387,0.467379405,3500,P
20,P06,5,129.8571429,21.03571429,0.164550352,1459.451613,3980.290323,0.370402508,3634,P
20,P07,6,104.7142857,19.64285714,0.188432912,954.8387097,1967.064516,0.489690166,1907,P
20,P08,8,135.7857143,26.39285714,0.196326186,1380.774194,2678.258065,0.52670397,5991,P
20,P09,9,243.9285714,51.53571429,0.214411451,1340.967742,2591.806452,0.517315782,4624,P
21,E01,10,30.86666667,3.3,0.111128413,238.1612903,630.9677419,0.38194614,800,E
21,E02,12,31.9,4.533333333,0.132688805,369.9354839,888.5483871,0.426543908,1375,E
21,E03,14,26.46666667,4.166666667,0.159765566,295.6129032,761.2580645,0.391203145,1507,E
21,E04,15,78.93333333,15.36666667,0.191523667,626.3548387,1393.225806,0.461921738,2118,E
21,E05,16,15.4,2.733333333,0.175752779,221.3548387,566.6451613,0.394844742,1300,E
21,E06,17,39.43333333,5.366666667,0.132873511,433.7096774,1120.451613,0.395833727,1658,E
21,E07,18,21.46666667,1.8,0.088676744,247.3548387,640.0645161,0.387511772,1291,E
21,E08,19,39.5,5.933333333,0.146299928,552.6129032,1683.096774,0.338851024,1740,E
21,E09,20,20.43333333,2.566666667,0.140751848,244.4516129,618.9677419,0.401104581,1194,E
21,E10,21,31.73333333,4.233333333,0.13779258,244.6774194,668.2903226,0.368346434,1194,E
21,E11,22,40.33333333,6.8,0.170310883,327.7096774,876.3225806,0.377086315,1580,E
21,E12,23,51.33333333,6.466666667,0.127911883,503.6774194,1152.935484,0.441189219,2096,E
21,E13,24,112.6666667,12.93333333,0.117560375,893.6129032,2417.193548,0.372204535,1555,E
21,E14,25,26.03333333,3.9,0.152308365,320.1612903,942.516129,0.344516508,1465,E
21,E16,1,40.43333333,6.733333333,0.16365322,596,1323.741935,0.461281515,3903,E
21,E17,7,45.16666667,6.7,0.149378551,503.8709677,1178.354839,0.439565633,1882,E
21,P01,11,78.2,11,0.138065461,814.6451613,2573.677419,0.332477922,2790,P
21,P02,13,65.93333333,11.46666667,0.170646388,599.9032258,1650.419355,0.37216298,1850,P
21,P03,2,51.1,7.733333333,0.155832459,743.1290323,1563.451613,0.481538116,5000,P
21,P04,3,68.16666667,13.06666667,0.190126403,714.9032258,1591.387097,0.45933266,1910,P
21,P05,4,67.03333333,9.433333333,0.142389706,836.1612903,1923.483871,0.442729906,3500,P
21,P06,5,63.73333333,11.86666667,0.18559801,957.9354839,2722.064516,0.362170542,3634,P
21,P07,6,51.66666667,10.06666667,0.188452903,656.0645161,1422.451613,0.469979594,1907,P
21,P08,8,65.46666667,14.2,0.215320339,1021.903226,2178.903226,0.483625337,5991,P
21,P09,9,119.5666667,27.63333333,0.224208592,1055.83871,2188.16129,0.487983049,4624,P
22,E01,10,30.96428571,2.928571429,0.097224668,239.8928571,660.3571429,0.36818189,800,E
22,E02,12,34.82142857,4.464285714,0.130308202,403.1785714,991.8571429,0.416648028,1375,E
22,E03,14,26.10714286,4.25,0.160427839,301.5357143,791.7857143,0.385176622,1507,E
22,E04,15,72.07142857,13.17857143,0.176368376,600.6785714,1387,0.440710692,2118,E
22,E05,16,14.82142857,2.642857143,0.200346144,220.1428571,574.1071429,0.387903097,1300,E
22,E06,17,35.28571429,4.5,0.131458675,428.7857143,1162.5,0.375172997,1658,E
22,E07,18,21.57142857,1.857142857,0.081436123,269.2857143,698.4285714,0.386966226,1291,E
22,E08,19,36,5.178571429,0.143392126,570.5,1791.607143,0.327977706,1740,E
22,E09,20,18.82142857,2.678571429,0.140824302,251.25,644.9642857,0.394577446,1194,E
22,E10,21,31.67857143,4.142857143,0.135533771,251.5714286,696.1428571,0.362037329,1194,E
22,E11,22,35.46428571,5.678571429,0.166657007,334.6071429,904.8928571,0.371612001,1580,E
22,E12,23,46.10714286,6.535714286,0.145076475,507.3214286,1188.714286,0.431739559,2096,E
22,E13,24,116.5,11.35714286,0.104968369,863.8571429,2482.607143,0.350060954,1555,E
22,E14,25,24.60714286,3.428571429,0.150258737,349.1785714,1047.892857,0.336602086,1465,E
22,E16,1,45.17857143,7.321428571,0.16135378,650.7142857,1503.25,0.440337016,3903,E
22,E17,7,43.78571429,6.214285714,0.141233861,528.3571429,1291.821429,0.417767025,1882,E
22,P01,11,73.28571429,10,0.140708781,788.2857143,2583.321429,0.319911188,2790,P
22,P02,13,62.5,10.60714286,0.1747774,618.75,1736.642857,0.366526253,1850,P
22,P03,2,50.35714286,8.535714286,0.170007138,778.3928571,1621.642857,0.490754473,5000,P
22,P04,3,62.89285714,11.85714286,0.192291288,737.8928571,1695.25,0.442805016,1910,P
22,P05,4,68.71428571,10.57142857,0.152492092,894.1428571,2057.392857,0.443964786,3500,P
22,P06,5,59.03571429,10.71428571,0.177577632,968.9285714,2807.75,0.353272123,3634,P
22,P07,6,49.14285714,8.607142857,0.173938886,669.4642857,1500.642857,0.455140557,1907,P
22,P08,8,63.10714286,12.67857143,0.204955003,1008.785714,2118.321429,0.49446964,5991,P
22,P09,9,117.75,25.5,0.21865544,1085.357143,2282.928571,0.479443836,4624,P
23,E01,10,31.35483871,3.774193548,0.121185002,229.9677419,668.6774194,0.348223233,800,E
23,E02,12,33.35483871,4.870967742,0.154157654,331.7096774,835.8064516,0.404910884,1375,E
23,E03,14,25.06451613,4.451612903,0.179979114,292.6774194,795.1612903,0.372975866,1507,E
23,E04,15,73.35483871,14.83870968,0.20338277,526.8064516,1228.806452,0.437199978,2118,E
23,E05,16,16.12903226,3.096774194,0.199868224,200.2580645,544.5806452,0.372911702,1300,E
23,E06,17,35.64516129,5.548387097,0.154702121,386.8064516,1062.354839,0.370691951,1658,E
23,E07,18,23.51612903,2.225806452,0.094185142,250,686.4516129,0.364414629,1291,E
23,E08,19,36.80645161,5.612903226,0.157058747,510.8064516,1653.645161,0.320971901,1740,E
23,E09,20,20.80645161,2.838709677,0.150931339,234.5483871,655.2258065,0.363019306,1194,E
23,E10,21,31.4516129,5.193548387,0.163707001,231.7419355,661.1612903,0.355012378,1194,E
23,E11,22,37.70967742,6.870967742,0.188213458,314.4516129,890.3870968,0.356405718,1580,E
23,E12,23,47.74193548,7.096774194,0.165773972,478.5483871,1188.548387,0.406290695,2096,E
23,E13,24,113.9354839,12.51612903,0.116614284,779.4193548,2324.419355,0.338748476,1555,E
23,E14,25,24.03225806,3.419354839,0.152020366,295.516129,935.6129032,0.318994411,1465,E
23,E16,1,44.09677419,7.064516129,0.160405856,565.7741935,1328.290323,0.433861959,3903,E
23,E17,7,47.48387097,8.451612903,0.181041216,503.1612903,1255.387097,0.408762996,1882,E
23,P01,11,75.61290323,10.32258065,0.137513475,699.6451613,2291.967742,0.317324945,2790,P
23,P02,13,68.38709677,10.87096774,0.164812647,583.8387097,1753.096774,0.338804461,1850,P
23,P03,2,54.83870968,8.741935484,0.165253187,776.8064516,1658.516129,0.474311153,5000,P
23,P04,3,63.90322581,11.5483871,0.179355561,685.7096774,1614.322581,0.43325243,1910,P
23,P05,4,71.32258065,11.06451613,0.161633398,808.8064516,1931.516129,0.427346258,3500,P
23,P06,5,63.19354839,11.19354839,0.177621975,840.3548387,2512.677419,0.342593558,3634,P
23,P07,6,49.16129032,8.64516129,0.180249558,611.4516129,1473.935484,0.422733114,1907,P
23,P08,8,68.64516129,16.09677419,0.237917936,931.516129,2087.612903,0.458534667,5991,P
23,P09,9,123.483871,26.38709677,0.21443453,958.9032258,2174.709677,0.446213203,4624,P
24,E01,10,31.68965517,3.103448276,0.111482432,270.1,740.9,0.365672763,800,E
24,E02,12,34.37931034,5.586206897,0.163085634,418.3666667,1008.466667,0.4233099,1375,E
24,E03,14,28.24137931,4.517241379,0.167463456,353.9,942.3666667,0.38052413,1507,E
24,E04,15,84.37931034,16.5862069,0.202369308,655.8,1498.766667,0.446495348,2118,E
24,E05,16,17.20689655,3.206896552,0.200482109,249.0666667,658.8333333,0.382358981,1300,E
24,E06,17,39.13793103,8,0.210684754,483,1287.166667,0.380644396,1658,E
24,E07,18,24.24137931,3.068965517,0.118788302,291.5666667,766.7333333,0.368148728,1291,E
24,E08,19,41.51724138,7.827586207,0.187340991,620.2,1977.633333,0.322585797,1740,E
24,E09,20,19.86206897,3.689655172,0.202629361,286.3333333,749.0333333,0.385717671,1194,E
24,E10,21,32.75862069,5.793103448,0.18451884,270.6666667,750.1,0.351059776,1194,E
24,E11,22,44.20689655,8.75862069,0.212065491,380.9666667,1022.1,0.363370853,1580,E
24,E12,23,53.5862069,8.275862069,0.154261851,548.3333333,1334,0.414145562,2096,E
24,E13,24,118.9310345,15.44827586,0.133992119,859,2406.7,0.346532898,1555,E
24,E14,25,27.68965517,4.517241379,0.167640174,362.7666667,1085.5,0.326376174,1465,E
24,E16,1,50.5862069,9.275862069,0.185870709,744.7666667,1694.666667,0.436969322,3903,E
24,E17,7,48.65517241,9.965517241,0.209443588,621.4333333,1522.2,0.419942304,1882,E
24,P01,11,75.17241379,12.86206897,0.181811646,830.9333333,2518.166667,0.331211387,2790,P
24,P02,13,75.86206897,15.03448276,0.200813817,691.3666667,1960.3,0.347848827,1850,P
24,P03,2,59.13793103,11.51724138,0.205646157,906.1,1910.833333,0.465093361,5000,P
24,P04,3,69.82758621,14.93103448,0.213720867,832.2,1910.933333,0.428401466,1910,P
24,P05,4,74.24137931,12.10344828,0.168825225,971.8,2297,0.431544719,3500,P
24,P06,5,65.65517241,13.96551724,0.214058471,996.9333333,2880.7,0.34361024,3634,P
24,P07,6,54.51724138,10.82758621,0.206300279,723.6,1666,0.426482809,1907,P
24,P08,8,67.68965517,16.96551724,0.25598438,1079.3,2365.5,0.470517928,5991,P
24,P09,9,119.2413793,27.79310345,0.239712577,1070.133333,2340.233333,0.447439299,4624,P
25,E01,10,38.2,4.9,0.134868546,332.2258065,861.0322581,0.389793027,800,E
25,E02,12,46.9,9.6,0.209005423,536.1290323,1228.806452,0.442959105,1375,E
25,E03,14,33.73333333,6.7,0.207115898,429.7419355,1080.032258,0.403231575,1507,E
25,E04,15,102.9666667,24.9,0.248195806,829.0645161,1799.451613,0.468033414,2118,E
25,E05,16,20.36666667,4.233333333,0.213604051,301.9677419,764.6774194,0.397108262,1300,E
25,E06,17,48.93333333,8.966666667,0.185056157,592.6774194,1496.774194,0.399149437,1658,E
25,E07,18,27.6,3.566666667,0.13436287,343.516129,862.0322581,0.400669754,1291,E
25,E08,19,48.96666667,9.433333333,0.200618731,686.9032258,1981.322581,0.357510061,1740,E
25,E09,20,23.3,3.766666667,0.171494194,363.516129,922.0322581,0.400251054,1194,E
25,E10,21,39.73333333,8.133333333,0.201267486,356.1935484,949.9677419,0.376144786,1194,E
25,E11,22,47.76666667,11.06666667,0.239943703,451.3870968,1132.580645,0.402758812,1580,E
25,E12,23,60.86666667,11.9,0.20434975,687.3548387,1538.354839,0.519729533,2096,E
25,E13,24,146.3,22.96666667,0.163249202,1087.612903,2655.677419,0.410127708,1555,E
25,E14,25,34.66666667,7.9,0.238463403,438.0967742,1196,0.37215567,1465,E
25,E16,1,56.23333333,11.96666667,0.212994335,863.5806452,1887.193548,0.468302621,3903,E
25,E17,7,56.36666667,12.13333333,0.220923846,756.9354839,1742.354839,0.444354543,1882,E
25,P01,11,88.96666667,17.56666667,0.201978857,922.2580645,2170.193548,0.438191878,2790,P
25,P02,13,87.43333333,17.36666667,0.202645219,836.6451613,2177.612903,0.39105842,1850,P
25,P03,2,71.5,14.83333333,0.211739702,1042.064516,2069.258065,0.510593418,5000,P
25,P04,3,83.73333333,18.73333333,0.227637812,980.8709677,2123.096774,0.469882486,1910,P
25,P05,4,84.93333333,17.66666667,0.209445335,1155.612903,2575.903226,0.456710126,3500,P
25,P06,5,83.26666667,19.4,0.236737384,1176.806452,3072.451613,0.390609808,3634,P
25,P07,6,64.66666667,13.76666667,0.219759625,881.3548387,1932.032258,0.536375384,1907,P
25,P08,8,87.9,24.2,0.278161818,1266.387097,2699.322581,0.773511038,5991,P
25,P09,9,142.7,36.9,0.265414295,1380.645161,2888.580645,0.982018393,4624,P
26,E01,10,38.27586207,4.827586207,0.121933382,441.6333333,1080.8,0.409543901,800,E
26,E02,12,52.55172414,10.62068966,0.202206516,671.4666667,1462.033333,0.465872403,1375,E
26,E03,14,36.17241379,8.034482759,0.222797099,545.9666667,1323.3,0.417259183,1507,E
26,E04,15,110.8275862,29.24137931,0.265508083,1093.833333,2291.866667,0.484916317,2118,E
26,E05,16,21.27586207,4.620689655,0.214295548,388.5666667,960.3666667,0.408604161,1300,E
26,E06,17,51.20689655,9.620689655,0.185577535,735.9,1794.533333,0.415148445,1658,E
26,E07,18,34.21428571,5.25,0.155921815,450.4,1105.933333,0.409629695,1291,E
26,E08,19,59.75862069,12.4137931,0.206079926,962.3666667,2603.233333,0.379154928,1740,E
26,E09,20,27.13793103,4.689655172,0.17796635,477.1,1137.766667,0.423195845,1194,E
26,E10,21,44.79310345,9.517241379,0.245065211,425.3,1092.733333,0.392054215,1194,E
26,E11,22,52.86206897,12.96551724,0.242053562,596.0333333,1455.266667,0.412838365,1580,E
26,E12,23,66.68965517,14.03448276,0.219108549,861.4,1874.333333,0.463718549,2096,E
26,E13,24,156.1034483,23.86206897,0.149310185,1433.933333,3319.566667,0.432027711,1555,E
26,E14,25,34,7.517241379,0.222660677,531.6,1399.866667,0.383618032,1465,E
26,E16,1,60.75862069,13.82758621,0.225573728,1056.2,2283.566667,0.471365986,3903,E
26,E17,7,63.27586207,13.17241379,0.206400576,969.8,2195,0.453204354,1882,E
26,P01,11,98.62068966,23.5862069,0.239549842,1208.8,2435.366667,0.509145992,2790,P
26,P02,13,97.86206897,22.13793103,0.235022453,1120.833333,2721.866667,0.418855941,1850,P
26,P03,2,72,16.5862069,0.233117592,1362.066667,2664.4,0.517241596,5000,P
26,P04,3,84.82758621,20.55172414,0.247821378,1293.366667,2749.633333,0.476822633,1910,P
26,P05,4,91.46666667,20.86666667,0.224309884,1482.033333,3187.733333,0.470494027,3500,P
26,P06,5,91.82758621,22.86206897,0.24148459,1504.733333,3782.833333,0.403977219,3634,P
26,P07,6,75.96551724,18.68965517,0.250926268,1149.633333,2421.066667,0.481520484,1907,P
26,P08,8,98.86206897,27,0.264900388,1676.166667,3498.8,0.490752701,5991,P
26,P09,9,154.5333333,41.46666667,0.269697908,1793.1,3544.533333,0.509415849,4624,P
27,E01,10,37.93548387,5.032258065,0.138289098,434,1078.580645,0.401980974,800,E
27,E02,12,54.74193548,12.09677419,0.228902232,774.2580645,1736.903226,0.447167072,1375,E
27,E03,14,37.87096774,9.35483871,0.247303544,612,1537.677419,0.399677599,1507,E
27,E04,15,107.1290323,27.5483871,0.25821689,1097.16129,2365.612903,0.466929324,2118,E
27,E05,16,18.61290323,4.516129032,0.235660749,440.8387097,1096.096774,0.402357865,1300,E
27,E06,17,54.22580645,11.12903226,0.207927387,766.2258065,1878.903226,0.408048252,1658,E
27,E07,18,35.38709677,6.612903226,0.191274809,491.1612903,1198.483871,0.40958748,1291,E
27,E08,19,60.67741935,14.64516129,0.242103833,1059.322581,2937.548387,0.36315937,1740,E
27,E09,20,31.5483871,5.35483871,0.176049241,567.6451613,1370.483871,0.415203734,1194,E
27,E10,21,39.03225806,7.838709677,0.203828401,403.2903226,1037.870968,0.388645401,1194,E
27,E11,22,59.93548387,14.38709677,0.244802974,668.4516129,1681.580645,0.398154473,1580,E
27,E12,23,67,14.16129032,0.212335776,917.7419355,1991.032258,0.461604732,2096,E
27,E13,24,138.0967742,20.87096774,0.157293521,1340.677419,3187.387097,0.418438936,1555,E
27,E14,25,33.12903226,7.580645161,0.237284878,617.6451613,1683.677419,0.368536474,1465,E
27,E16,1,65.70967742,15.03225806,0.232332476,1191.967742,2680.548387,0.446927797,3903,E
27,E17,7,69.41935484,16.25806452,0.237134794,1080.419355,2521.483871,0.431080332,1882,E
27,P01,11,102.3548387,24.03225806,0.23728157,1285.064516,2639.387097,0.491525647,2790,P
27,P02,13,95.70967742,22.4516129,0.239084087,1137.096774,2837.677419,0.402432118,1850,P
27,P03,2,76.29032258,19.58064516,0.256423434,1435.225806,2853.548387,0.50514658,5000,P
27,P04,3,93.51612903,25.5483871,0.277509923,1409,3093.096774,0.456817475,1910,P
27,P05,4,95.03225806,20.03225806,0.216427753,1533.548387,3354.451613,0.458591994,3500,P
27,P06,5,86.4516129,21.90322581,0.253995023,1524.870968,3927.354839,0.390297228,3634,P
27,P07,6,76.77419355,18.22580645,0.235765634,1316.032258,2887.225806,0.457835976,1907,P
27,P08,8,103.0645161,28.48387097,0.278861085,1839.322581,3997.193548,0.464194582,5991,P
27,P09,9,149.9032258,39.67741935,0.264507236,1727.193548,3409.548387,0.506807244,4624,P
28,E01,10,33.38709677,4.193548387,0.125862349,354.3225806,925.0322581,0.383635023,800,E
28,E02,12,41.67741935,6.903225806,0.167436318,570.516129,1357.16129,0.424559604,1375,E
28,E03,14,31.09677419,5.322580645,0.172627342,473.6774194,1248.548387,0.382331339,1507,E
28,E04,15,94.38709677,23.12903226,0.246885743,871.2903226,1905.096774,0.461844802,2118,E
28,E05,16,18.70967742,3.741935484,0.205375179,361.5806452,930.3548387,0.3901293,1300,E
28,E06,17,45.74193548,8.838709677,0.19785759,597.9354839,1528.096774,0.392835349,1658,E
28,E07,18,28.22580645,3.806451613,0.134108317,380.0645161,961.0967742,0.396294313,1291,E
28,E08,19,51.61290323,9.806451613,0.187532951,796.2903226,2391.83871,0.338502947,1740,E
28,E09,20,26.64516129,4.483870968,0.169037478,453.6129032,1137,0.401138036,1194,E
28,E10,21,35.12903226,5.516129032,0.154043534,318.3548387,850.6129032,0.374224968,1194,E
28,E11,22,47.67741935,10.09677419,0.20777256,516.0645161,1329.290323,0.389566076,1580,E
28,E12,23,56.25806452,10.41935484,0.190791502,713.2258065,1594.225806,0.450767769,2096,E
28,E13,24,134.2903226,17.09677419,0.131534033,1159.709677,3019.935484,0.385187721,1555,E
28,E14,25,32.41935484,5.806451613,0.184043076,496.8387097,1439,0.346836714,1465,E
28,E16,1,57.4516129,11.06451613,0.193992386,917.2580645,2149.580645,0.431489147,3903,E
28,E17,7,56.16129032,11.5483871,0.20866364,813.9354839,1975.645161,0.417333068,1882,E
28,P01,11,93.51612903,18.96774194,0.202885079,1088.548387,2312.774194,0.477309813,2790,P
28,P02,13,89.80645161,18.87096774,0.213105492,904.1935484,2396.645161,0.381287466,1850,P
28,P03,2,67.51612903,14.61290323,0.215411459,1126.451613,2292.354839,0.49450524,5000,P
28,P04,3,80.32258065,15.96774194,0.1978582,1080.129032,2461.129032,0.441719197,1910,P
28,P05,4,85.48387097,16.74193548,0.199357504,1260.903226,2895.580645,0.439282197,3500,P
28,P06,5,82.90322581,15.58064516,0.191915958,1300.967742,3636.096774,0.363147215,3634,P
28,P07,6,72.16129032,14.70967742,0.207105126,1071.451613,2466.419355,0.437646612,1907,P
28,P08,8,86.5483871,21.03225806,0.241940823,1290.064516,2875.645161,0.453948622,5991,P
28,P09,9,146.3870968,35,0.240772739,1447.548387,3017.774194,0.481400432,4624,P
29,E01,10,33.20689655,4,0.119878291,288.7333333,783.3333333,0.374080451,800,E
29,E02,12,39.75862069,6.103448276,0.146857348,462.9,1088.533333,0.432484039,1375,E
29,E03,14,29.17241379,4.137931034,0.147222619,370.1,941.1,0.401491992,1507,E
29,E04,15,90.36666667,18.6,0.200707999,770.8,1698.066667,0.455638558,2118,E
29,E05,16,18.93103448,3.448275862,0.175289266,256.6666667,673.0333333,0.389923498,1300,E
29,E06,17,42.24137931,7.206896552,0.169349225,474.3666667,1244.133333,0.376932121,1658,E
29,E07,18,25.65517241,3.103448276,0.130976139,297.1666667,771.8666667,0.376913752,1291,E
29,E08,19,49.37931034,8.586206897,0.172888679,641.6,1955.666667,0.433109092,1740,E
29,E09,20,24.89655172,3.482758621,0.143376818,327.4333333,807.3333333,0.42148779,1194,E
29,E10,21,37.20689655,6.206896552,0.161471248,328.2666667,907.5666667,0.403561919,1194,E
29,E11,22,43.96551724,8.551724138,0.201257513,406.4666667,1071.1,0.386346648,1580,E
29,E12,23,58.86206897,9.862068966,0.171999885,604.1666667,1388.433333,0.440241577,2096,E
29,E13,24,137.2413793,15.24137931,0.11354923,979.5333333,2662.433333,0.35780306,1555,E
29,E14,25,28.96551724,4.551724138,0.159884968,400.7333333,1166.2,0.348593433,1465,E
29,E16,1,51.72413793,9.931034483,0.194866427,727.3666667,1681.2,0.443762536,3903,E
29,E17,7,49.96551724,8.827586207,0.178063094,650.9333333,1569.8,0.417481055,1882,E
29,P01,11,83.68965517,14.93103448,0.182177206,912.1,1877.133333,0.495061144,2790,P
29,P02,13,83.89655172,15.27586207,0.187292562,740.7,1933.533333,0.391248991,1850,P
29,P03,2,60.06896552,11.10344828,0.191569853,967,1952.4,0.508135491,5000,P
29,P04,3,73.82758621,13.68965517,0.188585193,882.4666667,1930.1,0.468008395,1910,P
29,P05,4,80.17241379,13.37931034,0.17403063,1061.333333,2432.1,0.471481943,3500,P
29,P06,5,78.72413793,13.44827586,0.173899349,1120.133333,2979.4,0.387203175,3634,P
29,P07,6,60.93103448,11.06896552,0.186627989,808.7666667,1842.166667,0.439497295,1907,P
29,P08,8,74.82758621,14.03448276,0.189743129,1101.633333,2437.5,0.456192475,5991,P
29,P09,9,142.8275862,30.48275862,0.216589435,1313.066667,2831.833333,0.455717073,4624,P
30,E01,10,28.96774194,2.548387097,0.092176141,230.3870968,647.8387097,0.349485254,800,E
30,E02,12,34.43333333,5.2,0.158572356,365.7096774,888.0967742,0.421851304,1375,E
30,E03,14,26.9,4.866666667,0.185201741,313.6774194,828.0645161,0.386912262,1507,E
30,E04,15,81.26666667,16.03333333,0.200662437,623.9032258,1373.258065,0.466669619,2118,E
30,E05,16,16.63333333,3.5,0.202348524,225.9677419,591.3225806,0.390269941,1300,E
30,E06,17,35.33333333,6.033333333,0.172604789,419.516129,1149.580645,0.371785447,1658,E
30,E07,18,23.86666667,2.7,0.110890232,247.0967742,643.4193548,0.387121464,1291,E
30,E08,19,44.6,6.633333333,0.151040266,554.0645161,1731,0.334182293,1740,E
30,E09,20,23.26666667,3.2,0.137486049,264.4516129,672.7419355,0.397738816,1194,E
30,E10,21,31.96666667,5.033333333,0.163575836,253.1290323,698.3225806,0.364814185,1194,E
30,E11,22,37.96666667,6.433333333,0.174110877,320.3225806,873.9354839,0.372430774,1580,E
30,E12,23,49.96666667,6.333333333,0.134011997,519.5806452,1203.419355,0.437076788,2096,E
30,E13,24,122.9666667,11.96666667,0.102176511,900.5483871,2600.548387,0.337256191,1555,E
30,E14,25,26.63333333,4.733333333,0.189414526,349.2580645,1077.032258,0.317654817,1465,E
30,E16,1,46.7,7.666666667,0.162515926,646,1514.451613,0.434846564,3903,E
30,E17,7,44.5,7.7,0.174228679,559.9354839,1345.935484,0.428012288,1882,E
30,P01,11,71.23333333,13.66666667,0.190269996,748,1590.096774,0.483904831,2790,P
30,P02,13,78.5,13.63333333,0.175437701,601.1612903,1650.225806,0.373509102,1850,P
30,P03,2,53.23333333,10.3,0.196152162,807.2903226,1642.16129,0.506296302,5000,P
30,P04,3,68.03333333,13.46666667,0.199369531,736.5806452,1635.935484,0.461643374,1910,P
30,P05,4,69.13333333,12,0.176310662,870.0645161,1996.225806,0.440208739,3500,P
30,P06,5,66.96666667,10.96666667,0.166326101,963,2684,0.371454326,3634,P
30,P07,6,53.8,8.633333333,0.168355889,654.8709677,1477.516129,0.45386913,1907,P
30,P08,8,68.06666667,14.2,0.2110761,924.7741935,2020.16129,0.943964539,5991,P
30,P09,9,124.3333333,27.76666667,0.223606967,1065.225806,2299.290323,1.035033289,4624,P
31,E01,10,32.8,3.166666667,0.103074027,269.7,753.2,0.363064007,800,E
31,E02,12,38.2,5.1,0.135608682,408.6666667,983.0666667,0.426240447,1375,E
31,E03,14,30.76666667,4.333333333,0.140663656,372.9666667,984.9666667,0.385152375,1507,E
31,E04,15,80.53333333,16.93333333,0.209024799,609,1338.9,0.467816868,2118,E
31,E05,16,18.03333333,3.833333333,0.221744124,257.2,660.3666667,0.397586781,1300,E
31,E06,17,40.33333333,6.8,0.174125037,465.1666667,1249.766667,0.382410608,1658,E
31,E07,18,29.76666667,3.466666667,0.12878128,306.8333333,805,0.382958216,1291,E
31,E08,19,41.96666667,6.6,0.154643224,652.2,2167.5,0.315859951,1740,E
31,E09,20,25,4.233333333,0.169865455,299.3,761.9333333,0.398663786,1194,E
31,E10,21,36.7,5.433333333,0.153847992,273.7666667,769.4333333,0.358810769,1194,E
31,E11,22,41.6,7.333333333,0.17422392,371.8333333,1024.233333,0.367023473,1580,E
31,E12,23,53.26666667,8.166666667,0.159789456,560.5666667,1319.866667,0.430977877,2096,E
31,E13,24,121.1666667,11.4,0.098152292,1001.6,2911.133333,0.346313704,1555,E
31,E14,25,27.76666667,3.866666667,0.143948048,366.3333333,1126.433333,0.330654018,1465,E
31,E16,1,51.46666667,8.966666667,0.183830962,703.4666667,1627.666667,0.444303869,3903,E
31,E17,7,49.93333333,8.366666667,0.168116791,617.5,1474.266667,0.431254585,1882,E
31,P01,11,73.83333333,15.1,0.206777898,805.5,1806.666667,0.464511978,2790,P
31,P02,13,78.46666667,13.93333333,0.181961628,666.7666667,1908.3,0.358873539,1850,P
31,P03,2,58.86666667,8.966666667,0.157606548,911.0333333,1865.866667,0.49962106,5000,P
31,P04,3,70.43333333,13.03333333,0.186575141,806.9,1807.166667,0.460371704,1910,P
31,P05,4,74.9,12.73333333,0.175795142,942.6333333,2159.366667,0.447955505,3500,P
31,P06,5,61.93333333,10.03333333,0.166266623,1069.133333,3088,0.358656231,3634,P
31,P07,6,58.06666667,11.46666667,0.201887803,722.4666667,1624.066667,0.456439904,1907,P
31,P08,8,69.13333333,16.33333333,0.23353379,1009.3,2194.566667,0.479250872,5991,P
31,P09,9,120.2,25.03333333,0.213878446,1092.966667,2346.166667,0.470496612,4624,P
32,E01,10,53.92857143,4.928571429,0.091313328,322.9677419,849.4516129,0.382569172,800,E
32,E02,12,67.10714286,10.46428571,0.157342777,483.9032258,1111.516129,0.442675418,1375,E
32,E03,14,52.5,8.607142857,0.1702664,418.9032258,1031.709677,0.404430403,1507,E
32,E04,15,126.8214286,26,0.206569983,684.7419355,1470.032258,0.474922637,2118,E
32,E05,16,33.07407407,6.444444444,0.188221594,350.5483871,898.2903226,0.3963581,1300,E
32,E06,17,66.10714286,10.82142857,0.166824277,533.2580645,1293.483871,0.41569778,1658,E
32,E07,18,51.25,4.535714286,0.093249292,357.8064516,901.3225806,0.39592711,1291,E
32,E08,19,76.71428571,10.42857143,0.130647214,839.1290323,2509.806452,0.316808832,1740,E
32,E09,20,42.71428571,6.142857143,0.147520027,351.0967742,838.6129032,0.421823249,1194,E
32,E10,21,57.53571429,8.464285714,0.153397439,301.0967742,798.2580645,0.380904574,1194,E
32,E11,22,74.5,13.03571429,0.168982262,452.4516129,1147.806452,0.393886649,1580,E
32,E12,23,92.67857143,13,0.14392291,680.6451613,1507.419355,0.453076088,2096,E
32,E13,24,192.9642857,19.85714286,0.106347026,1195.387097,3302.193548,0.325837527,1555,E
32,E14,25,46.35714286,7.5,0.176574707,447.2580645,1282.354839,0.350533873,1465,E
32,E16,1,81.64285714,14.21428571,0.174167089,776.0645161,1659.548387,0.473560359,3903,E
32,E17,7,85.60714286,14.39285714,0.163468726,725.8064516,1640.096774,0.447876135,1882,E
32,P01,11,121.5,22.39285714,0.185071814,898.5483871,1903.612903,0.479590809,2790,P
32,P02,13,128.2857143,21.64285714,0.173692549,789.5483871,2100.387097,0.379329858,1850,P
32,P03,2,100.8571429,16.71428571,0.167753804,1071.903226,2073.16129,0.519593991,5000,P
32,P04,3,118.6785714,19.60714286,0.174263634,946.7096774,2011.16129,0.459773185,1910,P
32,P05,4,130.8571429,23.21428571,0.180110072,1087.580645,2390.612903,0.461061177,3500,P
32,P06,5,105.8928571,18.25,0.175619242,1282.741935,3458.548387,0.375643414,3634,P
32,P07,6,105.6071429,19.92857143,0.192354701,857.1612903,1863,0.435774611,1907,P
32,P08,8,125.75,27.07142857,0.215343985,1235.032258,2516.193548,0.499894838,5991,P
32,P09,9,205.6428571,42.25,0.214307949,1234.354839,2474.645161,0.486046596,4624,P
33,E01,10,27.1,2.633333333,0.100901323,235.8709677,624.3548387,0.382576409,800,E
33,E02,12,35.53333333,5.633333333,0.15946804,416.2903226,982.3548387,0.436087705,1375,E
33,E03,14,28.56666667,4.366666667,0.157332715,347.2903226,877.7096774,0.401919012,1507,E
33,E04,15,71.63333333,15.86666667,0.220418818,620.8387097,1359.548387,0.469814661,2118,E
33,E06,17,33.56666667,5.466666667,0.173801905,416.4193548,1047.774194,0.405961726,1658,E
33,E07,18,25.06666667,3.333333333,0.125309282,274.0967742,688.0645161,0.400569861,1291,E
33,E08,19,37.4,4.766666667,0.131588432,576.8064516,1819.032258,0.317371032,1740,E
33,E09,20,20.46666667,2.7,0.13169837,279.483871,705.8709677,0.405186673,1194,E
33,E10,21,29.9,4.133333333,0.138751933,266.1290323,729.2258065,0.36733002,1194,E
33,E11,22,37.56666667,7.066666667,0.191519254,342.7096774,893.8387097,0.386218388,1580,E
33,E12,23,50.76666667,7.8,0.15534851,540.0322581,1263.032258,0.436567594,2096,E
33,E13,24,118.7,12.8,0.115315532,941.8709677,2551.354839,0.36005704,1555,E
33,E14,25,23.33333333,3.733333333,0.146450562,330.4193548,977.1935484,0.342315258,1465,E
33,E16,1,40.2,6.366666667,0.162541901,629.1612903,1347.83871,0.478437995,3903,E
33,E17,7,41.83333333,6.9,0.162147075,543.6774194,1313.258065,0.429000442,1882,E
33,P01,11,67.33333333,13.86666667,0.205748499,792.1935484,1760.903226,0.464585733,2790,P
33,P02,13,73.8,13.2,0.179933392,664.6451613,1854.354839,0.368699596,1850,P
33,P03,2,53.13333333,8.8,0.161763907,823.6129032,1674.225806,0.502670367,5000,P
33,P04,3,60.13333333,9.766666667,0.160119431,751.3225806,1694.096774,0.455721587,1910,P
33,P05,4,75,13.23333333,0.179827614,921.8709677,2144.935484,0.442130117,3500,P
33,P06,5,54.1,9.666666667,0.174513514,942.7419355,2633.612903,0.369596685,3634,P
33,P07,6,55.76666667,11.73333333,0.211369414,718.0645161,1633.870968,0.439499246,1907,P
33,P08,8,70.43333333,15.03333333,0.215563246,1108.483871,2454.677419,0.470940866,5991,P
33,P09,9,126.6666667,28.13333333,0.229661528,1134.193548,2488.129032,0.461364059,4624,P
34,E01,10,30.5862069,3.620689655,0.121277762,222.4827586,622.7931034,0.362340697,800,E
34,E02,12,38.34482759,6.275862069,0.169583565,340.862069,842.5172414,0.414504734,1375,E
34,E03,14,27.51724138,6.620689655,0.240702774,284.9655172,782.6551724,0.3700798,1507,E
34,E04,15,74.82758621,19.34482759,0.259869042,558.7586207,1257.689655,0.454273225,2118,E
34,E06,17,36.24137931,7.206896552,0.199344957,373.7241379,994.2758621,0.383164572,1658,E
34,E07,18,26.65517241,4.379310345,0.172634879,235.1724138,630.2413793,0.375206221,1291,E
34,E08,19,41.96551724,10.24137931,0.244472899,508.5172414,1678.448276,0.312411032,1740,E
34,E09,20,22.5862069,5,0.238766444,235.7931034,609.5172414,0.392273375,1194,E
34,E10,21,33.93103448,6.620689655,0.199139685,229.7586207,663.4482759,0.34950596,1194,E
34,E11,22,36.5862069,9.344827586,0.264861597,301.6551724,833.2068966,0.365308556,1580,E
34,E12,23,49.27586207,10.20689655,0.211345062,454.8965517,1077.275862,0.42787029,2096,E
34,E13,24,108.5862069,15.44827586,0.140708166,795.2413793,2252.517241,0.355436002,1555,E
34,E14,25,26.31034483,6.034482759,0.23216882,315.1724138,989.2758621,0.322515575,1465,E
34,E16,1,45.4137931,10.4137931,0.231090979,593.7586207,1306.344828,0.460618729,3903,E
34,E17,7,42.93103448,10.17241379,0.241865948,470.4482759,1171.37931,0.410781234,1882,E
34,P01,11,69.17241379,17.65517241,0.25826117,652.862069,1532.068966,0.437927155,2790,P
34,P02,13,70.03448276,17.65517241,0.25323069,543.4482759,1600.137931,0.347453026,1850,P
34,P03,2,57.62068966,15.72413793,0.280765948,761.6896552,1590.689655,0.488844682,5000,P
34,P04,3,61.82758621,11.75862069,0.192958046,658.7241379,1537.551724,0.44072099,1910,P
34,P05,4,76.44827586,31.96551724,0.419658878,810.3103448,1907.931034,0.431641113,3500,P
34,P06,5,63.31034483,24.13793103,0.377492938,816.3448276,2365.068966,0.352893944,3634,P
34,P07,6,56.82758621,14.82758621,0.263567548,598.1034483,1387.103448,0.441256107,1907,P
34,P08,8,73.5862069,22.55172414,0.308257998,876.0689655,1956.275862,0.462486685,5991,P
34,P09,9,126.137931,29.96551724,0.237778657,976.137931,2185.413793,0.450254734,4624,P
35,E01,10,30.06451613,5,0.174494314,260.1935484,695.483871,0.378947983,800,E
35,E02,12,37.83870968,7.741935484,0.21455874,373.6774194,909.9677419,0.418846719,1375,E
35,E03,14,31.16129032,5.35483871,0.189705048,338.3870968,892.0967742,0.386093682,1507,E
35,E04,15,69.12903226,20.29032258,0.295811884,577.5806452,1278.967742,0.462120979,2118,E
35,E06,17,38.19354839,9.806451613,0.266520073,419,1110.129032,0.385080457,1658,E
35,E07,18,28.67741935,4.064516129,0.145276097,256.2903226,679.2903226,0.379538058,1291,E
35,E08,19,42.51612903,8.870967742,0.203664926,536.8064516,1778.258065,0.314162774,1740,E
35,E09,20,24.58064516,6.580645161,0.276952512,271.5806452,703.1612903,0.390621079,1194,E
35,E10,21,34.32258065,6.064516129,0.183359629,257.3870968,717.3870968,0.361960185,1194,E
35,E11,22,39.03225806,7.64516129,0.201372494,339.5483871,922.4193548,0.371431128,1580,E
35,E12,23,52.87096774,11.35483871,0.226697729,527.3225806,1233.354839,0.43156052,2096,E
35,E13,24,109.1612903,17.51612903,0.16701568,836.5806452,2407.548387,0.350610589,1555,E
35,E14,25,28.35483871,6.483870968,0.240504217,359.7096774,1084.258065,0.339309584,1465,E
35,E16,1,47.83870968,13.38709677,0.283687961,645.8387097,1373.677419,0.477071793,3903,E
35,E17,7,49.09677419,10.83870968,0.223518839,557.9032258,1388.032258,0.412856607,1882,E
35,P01,11,72.64516129,18.03225806,0.256055374,730.5483871,1645.903226,0.455169118,2790,P
35,P02,13,72.09677419,18.41935484,0.253742632,617.7096774,1785,0.353728814,1850,P
35,P03,2,61.70967742,15.06451613,0.246911539,851.6774194,1779.290323,0.485844784,5000,P
35,P04,3,69.06451613,14.48387097,0.213466735,741.3548387,1731.677419,0.43630487,1910,P
35,P05,4,75.5483871,20.25806452,0.285071648,900.5483871,2088.806452,0.439190194,3500,P
35,P06,5,56,21.83870968,0.396599011,852.4516129,2458.806452,0.357280463,3634,P
35,P07,6,58.90322581,14.41935484,0.250598379,681.2258065,1575.096774,0.440428331,1907,P
35,P08,8,78.83870968,25.70967742,0.327583667,950.1290323,2122.258065,0.465658572,5991,P
35,P09,9,126.5483871,34,0.269412896,1023.322581,2277,0.453626913,4624,P
